The ground11 was added,2023-05-22 15:54:39
The ground12 was added,2023-05-22 15:54:39
The ground13 was added,2023-05-22 15:54:39
The ground14 was added,2023-05-22 15:54:39
The employee Iftimi Ruxandra was added,2023-05-22 15:54:39
The employee Stefanoiu Rares was added,2023-05-22 15:54:39
The employee Barbu Robert was added,2023-05-22 15:54:39
The employee Georgescu Florin was added,2023-05-22 15:54:39
The cost of the membership for this member is 87$ per month,2023-05-22 15:54:39
The ground11 was added,2023-05-22 16:04:53
The ground12 was added,2023-05-22 16:04:53
The ground13 was added,2023-05-22 16:04:53
The ground14 was added,2023-05-22 16:04:53
The employee Iftimi Ruxandra was added,2023-05-22 16:04:53
The employee Stefanoiu Rares was added,2023-05-22 16:04:53
The employee Barbu Robert was added,2023-05-22 16:04:53
The employee Georgescu Florin was added,2023-05-22 16:04:53
The cost of the membership for this member is 87$ per month,2023-05-22 16:04:54
The ground11 was added,2023-05-22 16:05:40
The ground12 was added,2023-05-22 16:05:40
The ground13 was added,2023-05-22 16:05:40
The ground14 was added,2023-05-22 16:05:40
The employee Iftimi Ruxandra was added,2023-05-22 16:05:40
The employee Stefanoiu Rares was added,2023-05-22 16:05:40
The employee Barbu Robert was added,2023-05-22 16:05:40
The employee Georgescu Florin was added,2023-05-22 16:05:40
The cost of the membership for this member is 87$ per month,2023-05-22 16:05:40
The ground11 was added,2023-05-22 16:07:29
The ground12 was added,2023-05-22 16:07:29
The ground13 was added,2023-05-22 16:07:29
The ground14 was added,2023-05-22 16:07:29
The employee Iftimi Ruxandra was added,2023-05-22 16:07:29
The employee Stefanoiu Rares was added,2023-05-22 16:07:29
The employee Barbu Robert was added,2023-05-22 16:07:29
The employee Georgescu Florin was added,2023-05-22 16:07:29
The cost of the membership for this member is 87$ per month,2023-05-22 16:07:29
The ground11 was added,2023-05-22 16:08:33
The ground12 was added,2023-05-22 16:08:33
The ground13 was added,2023-05-22 16:08:33
The ground14 was added,2023-05-22 16:08:33
The employee Iftimi Ruxandra was added,2023-05-22 16:08:33
The employee Stefanoiu Rares was added,2023-05-22 16:08:33
The employee Barbu Robert was added,2023-05-22 16:08:33
The employee Georgescu Florin was added,2023-05-22 16:08:33
The cost of the membership for this member is 87$ per month,2023-05-22 16:08:33
The ground11 was added,2023-05-22 16:13:39
The ground12 was added,2023-05-22 16:13:39
The ground13 was added,2023-05-22 16:13:39
The ground14 was added,2023-05-22 16:13:39
The employee Iftimi Ruxandra was added,2023-05-22 16:13:39
The employee Stefanoiu Rares was added,2023-05-22 16:13:39
The employee Barbu Robert was added,2023-05-22 16:13:39
The employee Georgescu Florin was added,2023-05-22 16:13:39
The cost of the membership for this member is 87$ per month,2023-05-22 16:13:39
The ground11 was added,2023-05-22 16:15:22
The ground12 was added,2023-05-22 16:15:22
The ground13 was added,2023-05-22 16:15:22
The ground14 was added,2023-05-22 16:15:22
The employee Iftimi Ruxandra was added,2023-05-22 16:15:22
The employee Stefanoiu Rares was added,2023-05-22 16:15:22
The employee Barbu Robert was added,2023-05-22 16:15:22
The employee Georgescu Florin was added,2023-05-22 16:15:22
The cost of the membership for this member is 87$ per month,2023-05-22 16:15:22
The ground11 was added,2023-05-22 16:23:25
The ground12 was added,2023-05-22 16:23:25
The ground13 was added,2023-05-22 16:23:25
The ground14 was added,2023-05-22 16:23:25
The employee Iftimi Ruxandra was added,2023-05-22 16:23:25
The employee Stefanoiu Rares was added,2023-05-22 16:23:25
The employee Barbu Robert was added,2023-05-22 16:23:25
The employee Georgescu Florin was added,2023-05-22 16:23:25
The cost of the membership for this member is 87$ per month,2023-05-22 16:23:25
The ground11 was added,2023-05-22 16:25:40
The ground12 was added,2023-05-22 16:25:40
The ground13 was added,2023-05-22 16:25:40
The ground14 was added,2023-05-22 16:25:40
The employee Iftimi Ruxandra was added,2023-05-22 16:25:40
The employee Stefanoiu Rares was added,2023-05-22 16:25:40
The employee Barbu Robert was added,2023-05-22 16:25:40
The employee Georgescu Florin was added,2023-05-22 16:25:40
The cost of the membership for this member is 87$ per month,2023-05-22 16:25:40
